celula,seletividade,carga_rps,n_requisicoes,p50_ms,p95_ms,p99_ms,ic95_p99_baixo_ms,ic95_p99_alto_ms,cpu_banco_pct,cpu_servico_pct,mem_banco_pct,mem_servico_pct,fonte_latencia
e2-scylla,high,100,150004,2.0,3.0,3.0,3.0,3.0,,,,,requisicoes_brutas
e2-scylla,high,1000,1500004,2.0,4.0,5.0,5.0,5.0,,,,,requisicoes_brutas
e2-scylla,high,4711,7066508,46.0,140.0,174.0,174.0,174.0,21.13648077517779,84.24429533020401,40.01738786697388,3.1377744674682613,requisicoes_brutas
e2-scylla,low,100,150004,4.0,5.0,12.0,7.0,15.0,,,,,requisicoes_brutas
e2-scylla,low,1000,1500004,4.0,44.0,61.0,61.0,61.0,,,,,requisicoes_brutas
e2-scylla,low,1709,2563506,18.0,88.0,110.0,110.0,110.0,19.681176238977926,83.20108097392003,86.9140362739563,4.410281181335449,requisicoes_brutas
e2-scylla,medium,100,150003,3.0,3.0,4.0,4.0,4.0,,,,,requisicoes_brutas
e2-scylla,medium,1000,1500004,3.0,6.0,46.0,46.0,46.0,,,,,requisicoes_brutas
e2-scylla,medium,2815,4222510,54.0,139.0,167.0,167.0,167.0,20.118364641799268,80.75817837286314,47.01390743255615,4.006385803222656,requisicoes_brutas
e2-scylla,medium,3144,4716007,80.0,157.0,213.0,213.0,214.0,17.263533841805497,73.30567126652268,45.119839119746075,3.5601048964004844,requisicoes_brutas
e3-postgres,high,100,150003,2.0,3.0,3.0,3.0,3.0,,,,,requisicoes_brutas
e3-postgres,high,1000,1500005,2.0,3.0,3.0,3.0,3.0,,,,,requisicoes_brutas
e3-postgres,high,4365,6547505,3.0,214.0,329.0,329.0,329.0,11.468662301216092,81.80378585286569,4.368600845336914,3.997781276702881,requisicoes_brutas
e3-postgres,low,100,150003,2.0,3.0,3.0,3.0,3.0,,,,,requisicoes_brutas
e3-postgres,low,1000,1500005,2.0,3.0,3.0,3.0,3.0,,,,,requisicoes_brutas
e3-postgres,low,3672,5508006,2.0,12.0,68.0,68.0,69.0,9.772403614613845,74.23308696930245,5.1079630851745605,4.6396660804748535,requisicoes_brutas
e3-postgres,medium,100,150002,2.0,3.0,3.0,3.0,3.0,,,,,requisicoes_brutas
e3-postgres,medium,1000,1500001,2.0,3.0,4.0,4.0,4.0,,,,,requisicoes_brutas
e3-postgres,medium,3802,5703013,3.0,96.0,305.0,305.0,305.0,10.804619148318595,78.76961773259625,5.354866981506348,4.788174629211426,requisicoes_brutas
e3-postgres,medium,3980.0,,,,145.0,104.0,242.0,,,,,resumo_por_repeticao_legado
e3-valkey,high,100,150003,2.0,3.0,3.0,3.0,3.0,,,,,requisicoes_brutas
e3-valkey,high,1000,1500004,2.0,3.0,4.0,4.0,4.0,,,,,requisicoes_brutas
e3-valkey,high,4127,6190522,25.0,154.0,199.0,199.0,199.0,0.986453337815596,82.42339374844192,20.64225435256958,4.164223670959473,requisicoes_brutas
e3-valkey,low,100,150004,2.0,3.0,3.0,3.0,3.0,,,,,requisicoes_brutas
e3-valkey,low,1000,1500004,2.0,3.0,4.0,4.0,4.0,,,,,requisicoes_brutas
e3-valkey,low,3195,4792506,33.0,164.0,203.0,203.0,203.0,0.883135419345038,81.70683315256218,20.629796981811523,5.05450963973999,requisicoes_brutas
e3-valkey,medium,100,150005,2.0,3.0,3.0,3.0,3.0,,,,,requisicoes_brutas
e3-valkey,medium,1000,1500004,2.0,3.0,4.0,4.0,4.0,,,,,requisicoes_brutas
e3-valkey,medium,3195,4792503,33.0,163.0,202.0,202.0,203.0,0.9350602985262801,80.82414325931893,20.63465118408203,5.064716339111328,requisicoes_brutas
e3-valkey,medium,4018,6027005,41.0,149.0,187.0,187.0,187.0,0.8962962006906466,70.70771429303383,21.305912199412816,4.948218274806635,requisicoes_brutas
e4-valkey,high,100,150004,2.0,3.0,3.0,3.0,3.0,,,,,requisicoes_brutas
e4-valkey,high,1000,1500003,2.0,3.0,3.0,3.0,3.0,,,,,requisicoes_brutas
e4-valkey,high,4695,7042521,30.0,111.0,146.0,146.0,146.0,4.778772257187136,85.30486448702061,20.61755657196045,3.4448623657226562,requisicoes_brutas
e4-valkey,low,100,150003,4.0,5.0,12.0,10.0,15.0,,,,,requisicoes_brutas
e4-valkey,low,1000,1500005,6.0,41.0,64.0,64.0,64.0,,,,,requisicoes_brutas
e4-valkey,low,1325,1987506,15.0,94.0,120.0,120.0,120.0,6.798413581088947,77.57367090714295,20.64568042755127,7.035365104675292,requisicoes_brutas
e4-valkey,medium,100,150004,3.0,3.0,4.0,4.0,4.0,,,,,requisicoes_brutas
e4-valkey,medium,1000,1500005,3.0,7.0,45.0,44.0,45.0,,,,,requisicoes_brutas
e4-valkey,medium,2567,3850474,29.0,112.0,359.0,357.0,360.0,6.601395075216432,83.44854475331405,20.63026189804077,6.12605094909668,requisicoes_brutas
e4-valkey,medium,2619,3928504,32.0,113.0,161.0,161.0,161.0,6.062306931401935,77.18038809681967,21.31809089127205,5.593101876162277,requisicoes_brutas
