cell_id;estrategia;banco;run_timestamp;n_repeticoes;n_requisicoes_total;taxa_erro_media;vazao_atendida_media_rps;latencia_p50_ms;latencia_p95_ms;latencia_p99_ms;latencia_p999_ms;vazao_saturacao_aprox_rps;vazao_saturacao_censurada;vazao_saturacao_limite_inferior_rps;gerador_saturou_antes;cpu_gerador_nao_medida_em_alguma_sondagem
e1-opensearch;E1;opensearch;20260907T212446Z;5;1293754;0,01900237676152801;860,3512328151852;2081,0;3475,0;4132,0;4895,0;687,0;False;;False;False
e1-postgres;E1;postgres;20260907T173234Z;5;1500004;0,0;1000,0013335977764;4,0;47,0;84,0;110,0;1646,0;False;;False;False
e1-scylla;E1;scylla;20260907T201523Z;5;1500004;0,0;999,9753358619746;7,0;89,0;114,0;151,0;1279,0;False;;False;False
e1-valkey;E1;valkey;20260907T190801Z;5;1500003;0,0;999,816042546869;11,0;104,0;140,0;177,0;1069,0;False;;False;False
e2-opensearch;E2;opensearch;20260908T023416Z;5;1500004;0,0;999,9753697006581;8,0;95,0;129,0;168,0;1007,0;False;;False;False
e2-postgres;E2;postgres;20260907T223054Z;5;1500004;0,0;1000,0186669888949;7,0;16,0;66,0;90,0;1598,0;False;;False;False
e2-scylla;E2;scylla;20260908T011556Z;5;1500004;0,0;999,9860018376712;3,0;5,0;42,0;54,0;3218,0;False;;False;False
e2-valkey;E2;valkey;20260908T000625Z;5;1500004;0,0;999,976002508693;3,0;9,0;42,0;60,0;1454,0;False;;False;False
e3-postgres;E3;postgres;20260908T034233Z;5;1500005;0,0;1000,0200003377836;2,0;3,0;4,0;5,0;3791,0;False;;False;False
e3-scylla;E3;scylla;20260908T051631Z;5;1500004;0,0;1000,0200003955646;3,0;5,0;64,0;97,0;3032,0;False;;False;False
e3-valkey;E3;valkey;20260908T105951Z;5;1500003;0,0;1000,018000291116;2,0;2,0;3,0;4,0;4261,0;False;;False;False
e4-opensearch;E4;opensearch;20260908T092400Z;5;1500001;0,0;1000,0406747680435;6,0;48,0;91,0;135,0;1148,0;False;;False;False
e4-postgres;E4;postgres;20260908T063309Z;5;1226724;4,07237423490269e-06;812,2692770915106;1759,0;6017,0;6154,0;26241,0;781,0;False;;False;False
e4-valkey;E4;valkey;20260908T080720Z;5;1500004;0,0;1000,0033344110652;3,0;6,0;38,0;55,0;2650,0;False;;False;False
