cell_id,estrategia,banco,vazao_sondada_rps,p99_ms,violou_slo,cpu_gerador_pct,taxa_erro
e1-opensearch,E1,opensearch,500,95.0,False,5.738978138715428,0.0
e1-opensearch,E1,opensearch,625,116.0,False,7.730875652734724,0.0
e1-opensearch,E1,opensearch,687,150.0,False,8.165408530372034,0.0
e1-opensearch,E1,opensearch,687,174.0,False,8.098349738830041,0.0
e1-opensearch,E1,opensearch,687,126.0,False,8.235991020951115,0.0
e1-opensearch,E1,opensearch,687,162.0,False,8.221101346783838,0.0
e1-opensearch,E1,opensearch,687,179.0,False,8.155265100706034,0.0
e1-opensearch,E1,opensearch,687,161.0,False,8.073526199169866,0.0
e1-opensearch,E1,opensearch,718,1072.0,True,8.46292051297937,0.013379756858726536
e1-opensearch,E1,opensearch,750,3554.0,True,8.892326539935008,0.03493229864139454
e1-opensearch,E1,opensearch,1000,4074.0,True,10.75973110811441,0.005347973452943923
e1-postgres,E1,postgres,1000,83.0,False,7.914542364651615,0.0
e1-postgres,E1,postgres,1250,90.0,False,11.499024710803283,0.0
e1-postgres,E1,postgres,1562,141.0,False,14.996359854394175,0.0
e1-postgres,E1,postgres,1610,166.0,False,14.399493260783784,0.0
e1-postgres,E1,postgres,1634,153.0,False,14.739665083209463,0.0
e1-postgres,E1,postgres,1646,199.0,False,14.824117995080078,0.0
e1-postgres,E1,postgres,1646,185.0,False,15.067281374559002,0.0
e1-postgres,E1,postgres,1646,172.0,False,15.151452066201728,0.0
e1-postgres,E1,postgres,1646,2757.0,True,15.066854759568205,0.0
e1-postgres,E1,postgres,1646,192.0,False,15.230817217716782,0.0
e1-postgres,E1,postgres,1646,2936.0,True,14.914217941639572,0.0
e1-postgres,E1,postgres,1659,2865.0,True,14.908782263672434,0.0
e1-postgres,E1,postgres,1757,2803.0,True,14.94528218830298,0.0
e1-postgres,E1,postgres,1953,3366.0,True,15.172618014356754,0.0
e1-scylla,E1,scylla,1000,119.0,False,8.194270433033974,0.0
e1-scylla,E1,scylla,1250,159.0,False,11.782722840355044,0.0
e1-scylla,E1,scylla,1269,177.0,False,11.695017593537237,0.0
e1-scylla,E1,scylla,1279,179.0,False,11.853796235534306,0.0
e1-scylla,E1,scylla,1279,188.0,False,11.661789362965123,0.0
e1-scylla,E1,scylla,1279,185.0,False,11.893451674062963,0.0
e1-scylla,E1,scylla,1279,184.0,False,12.094143153462095,0.0
e1-scylla,E1,scylla,1279,187.0,False,12.212833790020941,0.0
e1-scylla,E1,scylla,1279,169.0,False,11.994377635483367,0.0
e1-scylla,E1,scylla,1289,1206.0,True,11.85087927879496,0.0
e1-scylla,E1,scylla,1328,2916.0,True,12.34526082404385,0.0
e1-scylla,E1,scylla,1406,3199.0,True,12.496537573736855,0.0
e1-scylla,E1,scylla,1562,3375.0,True,12.595213021562873,0.0
e1-valkey,E1,valkey,1000,138.0,False,10.998206204900322,0.0
e1-valkey,E1,valkey,1062,183.0,False,10.057174992970287,0.0
e1-valkey,E1,valkey,1069,185.0,False,10.135381221448714,0.0
e1-valkey,E1,valkey,1069,205.0,True,10.02082465639317,0.0
e1-valkey,E1,valkey,1069,178.0,False,10.171448783837207,0.0
e1-valkey,E1,valkey,1069,221.0,True,10.127320236942648,0.0
e1-valkey,E1,valkey,1069,194.0,False,10.0100996428683,0.0
e1-valkey,E1,valkey,1069,185.0,False,9.948308319552352,0.0
e1-valkey,E1,valkey,1077,204.0,True,10.1254107566241,0.0
e1-valkey,E1,valkey,1093,219.0,True,10.359680792400612,0.0
e1-valkey,E1,valkey,1125,4180.0,True,10.20175143489209,0.0
e1-valkey,E1,valkey,1250,3537.0,True,10.185412072204524,0.0
e2-opensearch,E2,opensearch,1000,126.0,False,8.728036270187827,0.0
e2-opensearch,E2,opensearch,1007,132.0,False,9.696787127735824,0.0
e2-opensearch,E2,opensearch,1007,126.0,False,9.530388175047522,0.0
e2-opensearch,E2,opensearch,1007,125.0,False,9.672555605236616,0.0
e2-opensearch,E2,opensearch,1007,125.0,False,9.362914292843183,0.0
e2-opensearch,E2,opensearch,1007,131.0,False,9.383734582973993,0.0
e2-opensearch,E2,opensearch,1007,134.0,False,9.46643538955306,0.0
e2-opensearch,E2,opensearch,1015,1161.0,True,9.577310193430808,0.032529662557424725
e2-opensearch,E2,opensearch,1031,1078.0,True,9.591666409075454,0.024935832873062804
e2-opensearch,E2,opensearch,1062,1955.0,True,10.257821342166197,0.08040085192955687
e2-opensearch,E2,opensearch,1125,5854.0,True,9.823400671702757,0.11642510137712289
e2-opensearch,E2,opensearch,1250,4104.0,True,11.432165943867114,0.12754574410876549
e2-postgres,E2,postgres,1000,64.0,False,9.366155817803172,0.0
e2-postgres,E2,postgres,1250,72.0,False,14.819888539493757,0.0
e2-postgres,E2,postgres,1562,105.0,False,18.346622693495867,0.0
e2-postgres,E2,postgres,1586,136.0,False,18.52566777963272,0.0
e2-postgres,E2,postgres,1598,141.0,False,18.715634618394283,0.0
e2-postgres,E2,postgres,1598,166.0,False,18.806617394114397,0.0
e2-postgres,E2,postgres,1598,304.0,True,18.837487641151064,0.0
e2-postgres,E2,postgres,1598,1279.0,True,19.0757618173712,0.0
e2-postgres,E2,postgres,1598,944.0,True,18.852348225704155,0.0
e2-postgres,E2,postgres,1598,138.0,False,18.655984644593268,0.0
e2-postgres,E2,postgres,1610,306.0,True,19.02203899767846,0.0
e2-postgres,E2,postgres,1659,3278.0,True,19.926464546873717,0.0
e2-postgres,E2,postgres,1757,4606.0,True,20.362989760255076,0.0
e2-postgres,E2,postgres,1953,4750.0,True,20.45009185548071,0.0
e2-scylla,E2,scylla,1000,40.0,False,9.945941510150071,0.0
e2-scylla,E2,scylla,1250,43.0,False,10.748420877659575,0.0
e2-scylla,E2,scylla,1562,49.0,False,13.287178527620117,0.0
e2-scylla,E2,scylla,1953,58.0,False,16.686593543691846,0.0
e2-scylla,E2,scylla,2441,72.0,False,20.88664305063555,0.0
e2-scylla,E2,scylla,3052,159.0,False,26.546607509103847,0.0
e2-scylla,E2,scylla,3147,166.0,False,27.630475791238734,0.0
e2-scylla,E2,scylla,3194,171.0,False,28.213942408158147,0.0
e2-scylla,E2,scylla,3218,173.0,False,28.379154441323575,0.0
e2-scylla,E2,scylla,3218,165.0,False,28.090770100739313,0.0
e2-scylla,E2,scylla,3218,171.0,False,28.25197509548475,0.0
e2-scylla,E2,scylla,3218,170.0,False,28.16082927595414,0.0
e2-scylla,E2,scylla,3218,174.0,False,28.131939498051704,0.0
e2-scylla,E2,scylla,3218,163.0,False,28.159397931954636,0.0
e2-scylla,E2,scylla,3242,279.0,True,28.910423265489595,0.0
e2-scylla,E2,scylla,3433,3053.0,True,27.870458201014557,0.0
e2-scylla,E2,scylla,3815,3640.0,True,27.44954920687138,0.0
e2-valkey,E2,valkey,1000,44.0,False,10.879620196422023,0.0
e2-valkey,E2,valkey,1250,45.0,False,11.10394071236755,0.0
e2-valkey,E2,valkey,1406,54.0,False,12.411071298748507,0.0
e2-valkey,E2,valkey,1445,44.0,False,12.977035837382168,0.0
e2-valkey,E2,valkey,1454,60.0,False,12.898872672161438,0.0
e2-valkey,E2,valkey,1454,461.0,True,13.303375917143184,0.0
e2-valkey,E2,valkey,1454,1067.0,True,12.859980139026812,0.0
e2-valkey,E2,valkey,1454,214.0,True,13.151661229663183,0.0
e2-valkey,E2,valkey,1454,144.0,False,12.986134947629003,0.0
e2-valkey,E2,valkey,1454,1801.0,True,12.871092943556711,0.0
e2-valkey,E2,valkey,1464,424.0,True,13.412938833098183,0.0
e2-valkey,E2,valkey,1484,906.0,True,13.316632332998623,0.0
e2-valkey,E2,valkey,1562,1421.0,True,14.037131341037245,0.0
e3-postgres,E3,postgres,1000,3.0,False,9.86358425276355,0.0
e3-postgres,E3,postgres,1250,4.0,False,13.97127305089306,0.0
e3-postgres,E3,postgres,1562,4.0,False,17.099432641736033,0.0
e3-postgres,E3,postgres,1953,5.0,False,21.556031406138473,0.0
e3-postgres,E3,postgres,2441,6.0,False,27.169811320754718,0.0
e3-postgres,E3,postgres,3052,4.0,False,33.63865258882407,0.0
e3-postgres,E3,postgres,3433,9.0,False,37.144817691276,0.0
e3-postgres,E3,postgres,3624,114.0,False,39.762330533144805,0.0
e3-postgres,E3,postgres,3719,45.0,False,40.78922760426407,0.0
e3-postgres,E3,postgres,3767,41.0,False,41.08722608342277,0.0
e3-postgres,E3,postgres,3791,58.0,False,41.25751059553686,0.0
e3-postgres,E3,postgres,3791,110.0,False,41.4443206779167,0.0
e3-postgres,E3,postgres,3791,55.0,False,40.77909936113852,0.0
e3-postgres,E3,postgres,3791,54.0,False,40.570667997670746,0.0
e3-postgres,E3,postgres,3791,33.0,False,40.64615959788975,0.0
e3-postgres,E3,postgres,3791,48.0,False,40.494276795005206,0.0
e3-postgres,E3,postgres,3815,245.0,True,40.85713688697578,0.0
e3-scylla,E3,scylla,1000,64.0,False,9.724780297847708,0.0
e3-scylla,E3,scylla,1250,75.0,False,13.834664453894824,0.0
e3-scylla,E3,scylla,1562,88.0,False,17.052854605693632,0.0
e3-scylla,E3,scylla,1953,103.0,False,21.66806849215497,0.0
e3-scylla,E3,scylla,2441,131.0,False,27.735485550637854,0.0
e3-scylla,E3,scylla,2746,166.0,False,30.53101964960638,0.0
e3-scylla,E3,scylla,2899,181.0,False,32.18770931011387,0.0
e3-scylla,E3,scylla,2975,190.0,False,32.92466054354876,0.0
e3-scylla,E3,scylla,3013,187.0,False,33.41392953589148,0.0
e3-scylla,E3,scylla,3032,194.0,False,33.652798726328136,0.0
e3-scylla,E3,scylla,3032,192.0,False,33.706205813040064,0.0
e3-scylla,E3,scylla,3032,210.0,True,34.019423558897245,0.0
e3-scylla,E3,scylla,3032,195.0,False,34.02877321475281,0.0
e3-scylla,E3,scylla,3032,191.0,False,34.020834204911516,0.0
e3-scylla,E3,scylla,3032,183.0,False,33.76908596527923,0.0
e3-scylla,E3,scylla,3052,223.0,True,33.82357562615883,0.0
e3-valkey,E3,valkey,1000,3.0,False,10.738459352769857,0.0
e3-valkey,E3,valkey,1250,3.0,False,10.54163634473438,0.0
e3-valkey,E3,valkey,1562,3.0,False,13.566369754347399,0.0
e3-valkey,E3,valkey,1953,3.0,False,16.498680354953343,0.0
e3-valkey,E3,valkey,2441,4.0,False,21.099869112666987,0.0
e3-valkey,E3,valkey,3052,6.0,False,26.855622973983873,0.0
e3-valkey,E3,valkey,3815,133.0,False,33.754694799046995,0.0
e3-valkey,E3,valkey,4053,155.0,False,35.56533924537773,0.0
e3-valkey,E3,valkey,4172,169.0,False,36.618922566672595,0.0
e3-valkey,E3,valkey,4231,175.0,False,37.51973814926747,0.0
e3-valkey,E3,valkey,4261,187.0,False,37.60665929526631,0.0
e3-valkey,E3,valkey,4261,171.0,False,37.49489833293217,0.0
e3-valkey,E3,valkey,4261,211.0,True,37.3897854804464,0.0
e3-valkey,E3,valkey,4261,209.0,True,37.70238207226699,0.0
e3-valkey,E3,valkey,4261,196.0,False,37.636483090175304,0.0
e3-valkey,E3,valkey,4261,206.0,True,37.74354374400267,0.0
e3-valkey,E3,valkey,4291,286.0,True,37.642386874281534,0.0
e3-valkey,E3,valkey,4768,3532.0,True,36.88615271147897,0.0
e4-opensearch,E4,opensearch,1000,90.0,False,11.164108225198392,0.0
e4-opensearch,E4,opensearch,1125,105.0,False,13.174636174636175,0.0
e4-opensearch,E4,opensearch,1140,109.0,False,13.271771647000167,0.0
e4-opensearch,E4,opensearch,1148,105.0,False,13.325226573542862,0.0
e4-opensearch,E4,opensearch,1148,106.0,False,13.151854429130792,0.0
e4-opensearch,E4,opensearch,1148,106.0,False,13.110801654438509,0.0
e4-opensearch,E4,opensearch,1148,1922.0,True,13.523395577344965,0.0728306165422391
e4-opensearch,E4,opensearch,1148,1785.0,True,13.462890221211495,0.06676082031364934
e4-opensearch,E4,opensearch,1148,107.0,False,13.086488955323036,0.0
e4-opensearch,E4,opensearch,1156,1870.0,True,13.76835608210269,0.055360917488900756
e4-opensearch,E4,opensearch,1187,2066.0,True,14.143184020119149,0.07984552909130994
e4-opensearch,E4,opensearch,1250,5815.0,True,13.971650862154297,0.10455050715575935
e4-postgres,E4,postgres,500,45.0,False,4.407122242943916,0.0
e4-postgres,E4,postgres,750,78.0,False,6.29631175770732,0.0
e4-postgres,E4,postgres,781,99.0,False,6.834805589370624,0.0
e4-postgres,E4,postgres,781,81.0,False,6.781072975674775,0.0
e4-postgres,E4,postgres,781,98.0,False,6.854620413942448,0.0
e4-postgres,E4,postgres,781,90.0,False,6.876225848182615,0.0
e4-postgres,E4,postgres,781,89.0,False,6.872948898265354,0.0
e4-postgres,E4,postgres,781,82.0,False,6.921273380920127,0.0
e4-postgres,E4,postgres,812,402.0,True,7.354969868583461,0.0
e4-postgres,E4,postgres,875,4707.0,True,8.006140582745369,0.0
e4-postgres,E4,postgres,1000,5415.0,True,8.528429780409324,0.0
e4-valkey,E4,valkey,1000,37.0,False,10.137355692255836,0.0
e4-valkey,E4,valkey,1250,42.0,False,14.411282455739814,0.0
e4-valkey,E4,valkey,1562,49.0,False,17.670611727021235,0.0
e4-valkey,E4,valkey,1953,56.0,False,21.911761644006745,0.0
e4-valkey,E4,valkey,2441,102.0,False,27.804241094745638,0.0
e4-valkey,E4,valkey,2593,140.0,False,29.677019155960217,0.0
e4-valkey,E4,valkey,2631,170.0,False,30.180147097396944,0.0
e4-valkey,E4,valkey,2650,157.0,False,30.566267718852124,0.0
e4-valkey,E4,valkey,2650,162.0,False,30.56873284177089,0.0
e4-valkey,E4,valkey,2650,143.0,False,30.43368287927491,0.0
e4-valkey,E4,valkey,2650,148.0,False,30.43601925690267,0.0
e4-valkey,E4,valkey,2650,167.0,False,30.67765952971859,0.0
e4-valkey,E4,valkey,2650,143.0,False,29.983598284128185,0.0
e4-valkey,E4,valkey,2669,201.0,True,30.443214457932363,0.0
e4-valkey,E4,valkey,2746,6439.0,True,30.488079172289698,0.0
e4-valkey,E4,valkey,3052,7405.0,True,29.289961953140143,0.0
