cell_id,estrategia,banco,percentil,latencia_ms
e1-opensearch,E1,opensearch,p50,2081.0
e1-opensearch,E1,opensearch,p95,3475.0
e1-opensearch,E1,opensearch,p99,4132.0
e1-opensearch,E1,opensearch,p999,4895.0
e1-postgres,E1,postgres,p50,4.0
e1-postgres,E1,postgres,p95,47.0
e1-postgres,E1,postgres,p99,84.0
e1-postgres,E1,postgres,p999,110.0
e1-scylla,E1,scylla,p50,7.0
e1-scylla,E1,scylla,p95,89.0
e1-scylla,E1,scylla,p99,114.0
e1-scylla,E1,scylla,p999,151.0
e1-valkey,E1,valkey,p50,11.0
e1-valkey,E1,valkey,p95,104.0
e1-valkey,E1,valkey,p99,140.0
e1-valkey,E1,valkey,p999,177.0
e2-opensearch,E2,opensearch,p50,8.0
e2-opensearch,E2,opensearch,p95,95.0
e2-opensearch,E2,opensearch,p99,129.0
e2-opensearch,E2,opensearch,p999,168.0
e2-postgres,E2,postgres,p50,7.0
e2-postgres,E2,postgres,p95,16.0
e2-postgres,E2,postgres,p99,66.0
e2-postgres,E2,postgres,p999,90.0
e2-scylla,E2,scylla,p50,3.0
e2-scylla,E2,scylla,p95,5.0
e2-scylla,E2,scylla,p99,42.0
e2-scylla,E2,scylla,p999,54.0
e2-valkey,E2,valkey,p50,3.0
e2-valkey,E2,valkey,p95,9.0
e2-valkey,E2,valkey,p99,42.0
e2-valkey,E2,valkey,p999,60.0
e3-postgres,E3,postgres,p50,2.0
e3-postgres,E3,postgres,p95,3.0
e3-postgres,E3,postgres,p99,4.0
e3-postgres,E3,postgres,p999,5.0
e3-scylla,E3,scylla,p50,3.0
e3-scylla,E3,scylla,p95,5.0
e3-scylla,E3,scylla,p99,64.0
e3-scylla,E3,scylla,p999,97.0
e3-valkey,E3,valkey,p50,2.0
e3-valkey,E3,valkey,p95,2.0
e3-valkey,E3,valkey,p99,3.0
e3-valkey,E3,valkey,p999,4.0
e4-opensearch,E4,opensearch,p50,6.0
e4-opensearch,E4,opensearch,p95,48.0
e4-opensearch,E4,opensearch,p99,91.0
e4-opensearch,E4,opensearch,p999,135.0
e4-postgres,E4,postgres,p50,1759.0
e4-postgres,E4,postgres,p95,6017.0
e4-postgres,E4,postgres,p99,6154.0
e4-postgres,E4,postgres,p999,26241.0
e4-valkey,E4,valkey,p50,3.0
e4-valkey,E4,valkey,p95,6.0
e4-valkey,E4,valkey,p99,38.0
e4-valkey,E4,valkey,p999,55.0
